participant_id,name,email,domain,skills,experience_level,availability,leadership_preference,is_available,wants_to_lead
P_001,Participant_1,participant1@hackathon.com,frontend,"['Google Cloud', 'Vue.js', 'Communication', 'React', 'HTML']",beginner,High,Follow,True,True
P_002,Participant_2,participant2@hackathon.com,backend,"['Flask', 'Node.js', 'Django', 'Photoshop', 'Communication', 'Java']",intermediate,Medium,Follow,True,False
P_003,Participant_3,participant3@hackathon.com,data_science,"['Java', 'Leadership', 'SQL', 'Machine Learning', 'Communication', 'TensorFlow', 'PyTorch']",beginner,Low,Collaborate,True,True
P_004,Participant_4,participant4@hackathon.com,frontend,"['Django', 'Communication', 'Angular', 'Presentation', 'JavaScript', 'React', 'Java']",advanced,Medium,Lead,True,False
P_005,Participant_5,participant5@hackathon.com,ai_ml,"['Leadership', 'Computer Vision', 'Flutter', 'NLP', 'React Native', 'Scikit-learn', 'Teamwork']",advanced,High,Collaborate,True,False
P_006,Participant_6,participant6@hackathon.com,design,"['Prototyping', 'SQL', 'UI/UX', 'Photoshop', 'Machine Learning', 'Figma', 'Communication', 'Presentation']",intermediate,Medium,Lead,True,False
P_007,Participant_7,participant7@hackathon.com,design,"['Prototyping', 'SQL', 'UI/UX', 'Problem Solving', 'Photoshop', 'Machine Learning', 'Design Systems']",beginner,Low,Follow,True,False
P_008,Participant_8,participant8@hackathon.com,robotics,"['Sensors', 'Problem Solving', 'Google Cloud', 'IoT', 'Embedded Systems']",intermediate,Low,Follow,True,True
P_009,Participant_9,participant9@hackathon.com,frontend,"['Leadership', 'Product Management', 'Communication', 'CSS', 'Angular', 'Market Research', 'React', 'HTML']",intermediate,Medium,Collaborate,True,False
P_010,Participant_10,participant10@hackathon.com,frontend,"['Leadership', 'Flask', 'SQL', 'Communication', 'JavaScript', 'React', 'HTML']",beginner,Medium,Lead,True,False
P_011,Participant_11,participant11@hackathon.com,mobile,"['DevOps', 'iOS Development', 'Flutter', 'React Native', 'Docker', 'Presentation', 'Teamwork', 'Android Development']",advanced,High,Lead,True,False
P_012,Participant_12,participant12@hackathon.com,cloud_devops,"['AWS', 'Prototyping', 'DevOps', 'Google Cloud', 'Azure', 'Teamwork']",intermediate,Medium,Follow,True,True
P_013,Participant_13,participant13@hackathon.com,backend,"['Leadership', 'Python', 'Computer Vision', 'Node.js', 'Express.js', 'Teamwork']",intermediate,Low,Collaborate,False,False
P_014,Participant_14,participant14@hackathon.com,business,"['Product Management', 'Communication', 'Presentation', 'Market Research', 'Robotics']",advanced,High,Lead,True,False
P_015,Participant_15,participant15@hackathon.com,backend,"['Flask', 'SQL', 'Problem Solving', 'NLP', 'AI/ML']",beginner,High,Collaborate,True,True
P_016,Participant_16,participant16@hackathon.com,frontend,"['Leadership', 'Node.js', 'Angular', 'Presentation', 'JavaScript']",intermediate,Medium,Follow,True,True
P_017,Participant_17,participant17@hackathon.com,backend,"['Python', 'SQL', 'Django', 'Teamwork', 'Market Research', 'Java', 'Strategy']",intermediate,Low,Follow,True,False
P_018,Participant_18,participant18@hackathon.com,business,"['NLP', 'Product Management', 'Scikit-learn', 'AgriTech', 'Teamwork', 'FinTech']",beginner,High,Lead,True,True
P_019,Participant_19,participant19@hackathon.com,robotics,"['Arduino', 'Sensors', 'Problem Solving', 'Flutter', 'Embedded Systems', 'Presentation', 'Robotics']",intermediate,Medium,Follow,True,False
P_020,Participant_20,participant20@hackathon.com,data_science,"['SQL', 'Problem Solving', 'AI/ML', 'Scikit-learn', 'Presentation', 'Data Analysis', 'TensorFlow', 'PyTorch']",beginner,High,Lead,False,True
P_021,Participant_21,participant21@hackathon.com,business,"['iOS Development', 'Communication', 'Presentation', 'Market Research', 'Android Development', 'FinTech']",advanced,High,Lead,True,True
P_022,Participant_22,participant22@hackathon.com,frontend,"['Computer Vision', 'Problem Solving', 'Teamwork', 'JavaScript', 'Vue.js']",intermediate,Low,Follow,True,True
P_023,Participant_23,participant23@hackathon.com,cloud_devops,"['Leadership', 'DevOps', 'Google Cloud', 'Azure', 'Docker', 'Communication', 'Market Research', 'FinTech']",advanced,High,Collaborate,True,True
P_024,Participant_24,participant24@hackathon.com,frontend,"['UI/UX', 'Photoshop', 'Angular', 'Teamwork', 'JavaScript', 'React', 'Vue.js']",advanced,High,Lead,False,True
P_025,Participant_25,participant25@hackathon.com,backend,"['Leadership', 'Flask', 'SQL', 'Google Cloud', 'Azure', 'Presentation']",advanced,Low,Lead,True,True
P_026,Participant_26,participant26@hackathon.com,robotics,"['Sensors', 'Express.js', 'Django', 'IoT', 'Embedded Systems', 'Presentation', 'Robotics']",intermediate,Medium,Follow,False,False
P_027,Participant_27,participant27@hackathon.com,business,"['Prototyping', 'Product Management', 'Presentation', 'Teamwork', 'Strategy']",beginner,Medium,Lead,False,False
P_028,Participant_28,participant28@hackathon.com,cloud_devops,"['AWS', 'Leadership', 'DevOps', 'Google Cloud', 'Azure', 'Figma', 'Design Systems']",advanced,High,Follow,True,True
P_029,Participant_29,participant29@hackathon.com,backend,"['Leadership', 'Express.js', 'Django', 'Teamwork', 'TensorFlow', 'PyTorch']",intermediate,High,Lead,True,True
P_030,Participant_30,participant30@hackathon.com,ai_ml,"['Leadership', 'Computer Vision', 'Google Cloud', 'NLP', 'AI/ML', 'Docker', 'Scikit-learn', 'Teamwork']",intermediate,Low,Collaborate,False,True
P_031,Participant_31,participant31@hackathon.com,ai_ml,"['Prototyping', 'Photoshop', 'NLP', 'Scikit-learn', 'Presentation', 'Deep Learning']",beginner,Medium,Lead,True,False
P_032,Participant_32,participant32@hackathon.com,frontend,"['Problem Solving', 'Vue.js', 'JavaScript', 'Deep Learning', 'HTML']",intermediate,Low,Lead,True,True
P_033,Participant_33,participant33@hackathon.com,design,"['Prototyping', 'Photoshop', 'Figma', 'Communication', 'Presentation', 'TensorFlow', 'Design Systems']",advanced,Low,Collaborate,True,True
P_034,Participant_34,participant34@hackathon.com,ai_ml,"['Computer Vision', 'Problem Solving', 'iOS Development', 'React Native', 'Scikit-learn', 'Deep Learning']",beginner,High,Follow,True,True
P_035,Participant_35,participant35@hackathon.com,cloud_devops,"['AWS', 'Computer Vision', 'DevOps', 'Problem Solving', 'Azure', 'Scikit-learn', 'Presentation']",advanced,Low,Collaborate,True,False
P_036,Participant_36,participant36@hackathon.com,backend,"['Leadership', 'Flask', 'Python', 'SQL', 'Node.js', 'Problem Solving', 'Market Research', 'Strategy']",advanced,Low,Lead,False,False
P_037,Participant_37,participant37@hackathon.com,data_science,"['Computer Vision', 'Problem Solving', 'AI/ML', 'Machine Learning', 'Presentation', 'TensorFlow']",advanced,Medium,Lead,True,False
P_038,Participant_38,participant38@hackathon.com,data_science,"['SQL', 'Problem Solving', 'Google Cloud', 'Presentation', 'Data Analysis', 'TensorFlow', 'PyTorch']",advanced,Low,Collaborate,False,False
P_039,Participant_39,participant39@hackathon.com,mobile,"['Problem Solving', 'iOS Development', 'Photoshop', 'React Native', 'Android Development']",advanced,Low,Lead,False,True
P_040,Participant_40,participant40@hackathon.com,design,"['Python', 'SQL', 'Problem Solving', 'Photoshop', 'Figma', 'Design Systems']",advanced,Medium,Collaborate,True,False
P_041,Participant_41,participant41@hackathon.com,design,"['Leadership', 'UI/UX', 'Photoshop', 'Communication', 'TensorFlow', 'Design Systems']",intermediate,Low,Lead,False,True
P_042,Participant_42,participant42@hackathon.com,data_science,"['Problem Solving', 'Machine Learning', 'Teamwork', 'Data Analysis', 'Java']",beginner,Low,Follow,True,False
P_043,Participant_43,participant43@hackathon.com,robotics,"['AWS', 'Leadership', 'Arduino', 'IoT', 'Embedded Systems', 'Kubernetes', 'Presentation', 'Robotics']",beginner,Low,Lead,True,True
P_044,Participant_44,participant44@hackathon.com,data_science,"['Java', 'Leadership', 'SQL', 'Node.js', 'Communication', 'Data Analysis', 'TensorFlow']",advanced,Medium,Lead,True,False
P_045,Participant_45,participant45@hackathon.com,ai_ml,"['Leadership', 'SQL', 'Scikit-learn', 'Teamwork', 'Deep Learning']",intermediate,Low,Lead,True,False
P_046,Participant_46,participant46@hackathon.com,data_science,"['SQL', 'Problem Solving', 'Machine Learning', 'Teamwork', 'Deep Learning', 'TensorFlow', 'PyTorch']",advanced,Medium,Follow,False,False
P_047,Participant_47,participant47@hackathon.com,cloud_devops,"['AWS', 'Leadership', 'DevOps', 'Problem Solving', 'Google Cloud', 'AI/ML', 'Docker', 'Deep Learning']",intermediate,Low,Collaborate,False,True
P_048,Participant_48,participant48@hackathon.com,frontend,"['Problem Solving', 'Figma', 'Communication', 'Angular', 'JavaScript', 'React', 'HTML']",intermediate,High,Follow,False,False
P_049,Participant_49,participant49@hackathon.com,robotics,"['Arduino', 'Problem Solving', 'IoT', 'Embedded Systems', 'Robotics', 'Android Development']",advanced,High,Follow,False,True
P_050,Participant_50,participant50@hackathon.com,design,"['AWS', 'DevOps', 'Photoshop', 'Figma', 'Teamwork']",beginner,Low,Lead,True,False
P_051,Participant_51,participant51@hackathon.com,business,"['Leadership', 'iOS Development', 'Flutter', 'Product Management', 'AgriTech', 'Teamwork', 'Market Research', 'Strategy']",beginner,High,Collaborate,False,True
P_052,Participant_52,participant52@hackathon.com,frontend,"['Leadership', 'AI/ML', 'Teamwork', 'React', 'Vue.js']",beginner,Low,Lead,True,True
P_053,Participant_53,participant53@hackathon.com,backend,"['Leadership', 'Flask', 'SQL', 'Arduino', 'Express.js', 'Django', 'Embedded Systems', 'Communication']",advanced,Low,Lead,True,True
P_054,Participant_54,participant54@hackathon.com,frontend,"['Product Management', 'AgriTech', 'CSS', 'Angular', 'Presentation', 'Vue.js']",beginner,High,Collaborate,True,True
P_055,Participant_55,participant55@hackathon.com,frontend,"['Problem Solving', 'Communication', 'CSS', 'JavaScript', 'Strategy']",advanced,Medium,Collaborate,False,True
P_056,Participant_56,participant56@hackathon.com,robotics,"['Sensors', 'Arduino', 'IoT', 'Communication', 'CSS', 'JavaScript', 'Robotics']",beginner,Medium,Follow,True,True
P_057,Participant_57,participant57@hackathon.com,robotics,"['Sensors', 'Azure', 'Communication', 'Kubernetes', 'Presentation', 'Robotics']",advanced,Medium,Collaborate,True,True
P_058,Participant_58,participant58@hackathon.com,ai_ml,"['Computer Vision', 'Node.js', 'NLP', 'AI/ML', 'Scikit-learn', 'Communication', 'Presentation']",intermediate,High,Lead,True,False
P_059,Participant_59,participant59@hackathon.com,robotics,"['Prototyping', 'Arduino', 'UI/UX', 'Communication', 'Robotics']",beginner,Low,Follow,True,False
P_060,Participant_60,participant60@hackathon.com,frontend,"['Leadership', 'Azure', 'CSS', 'Angular', 'React', 'Vue.js']",beginner,Medium,Follow,False,False
P_061,Participant_61,participant61@hackathon.com,cloud_devops,"['Kubernetes', 'Teamwork', 'Azure', 'Vue.js']",beginner,Low,Lead,True,False
P_062,Participant_62,participant62@hackathon.com,data_science,"['IoT', 'Embedded Systems', 'Teamwork', 'Data Analysis', 'TensorFlow', 'PyTorch']",intermediate,Medium,Lead,False,False
P_063,Participant_63,participant63@hackathon.com,design,"['Prototyping', 'AWS', 'Photoshop', 'Figma', 'Communication', 'Kubernetes', 'Teamwork', 'Design Systems']",intermediate,High,Collaborate,True,True
P_064,Participant_64,participant64@hackathon.com,frontend,"['HTML', 'React Native', 'Communication', 'Angular', 'Teamwork', 'React', 'Vue.js']",advanced,High,Collaborate,True,False
P_065,Participant_65,participant65@hackathon.com,frontend,"['Leadership', 'PyTorch', 'Communication', 'CSS', 'Angular', 'JavaScript', 'Vue.js']",beginner,Low,Follow,True,False
P_066,Participant_66,participant66@hackathon.com,robotics,"['Sensors', 'DevOps', 'IoT', 'Embedded Systems', 'Communication', 'Kubernetes', 'Robotics']",advanced,Medium,Collaborate,True,False
P_067,Participant_67,participant67@hackathon.com,robotics,"['Sensors', 'IoT', 'Communication', 'Kubernetes', 'Presentation']",advanced,Medium,Collaborate,True,True
P_068,Participant_68,participant68@hackathon.com,design,"['Prototyping', 'Leadership', 'UI/UX', 'iOS Development', 'Photoshop', 'Figma', 'Communication']",intermediate,Medium,Lead,True,False
P_069,Participant_69,participant69@hackathon.com,business,"['React Native', 'Leadership', 'Market Research', 'Strategy']",beginner,Low,Follow,True,True
P_070,Participant_70,participant70@hackathon.com,frontend,"['Problem Solving', 'Vue.js', 'Docker', 'JavaScript', 'React', 'HTML']",beginner,Low,Lead,True,True
P_071,Participant_71,participant71@hackathon.com,mobile,"['Prototyping', 'Problem Solving', 'iOS Development', 'Flutter', 'React Native', 'Presentation', 'Android Development']",intermediate,High,Follow,True,True
P_072,Participant_72,participant72@hackathon.com,cloud_devops,"['AWS', 'Problem Solving', 'Azure', 'Communication', 'JavaScript', 'Vue.js']",beginner,High,Collaborate,True,True
P_073,Participant_73,participant73@hackathon.com,cloud_devops,"['Arduino', 'DevOps', 'Azure', 'Docker', 'Presentation', 'Robotics']",intermediate,High,Lead,False,False
P_074,Participant_74,participant74@hackathon.com,backend,"['Leadership', 'Python', 'SQL', 'Express.js', 'Google Cloud', 'Java']",intermediate,Low,Follow,False,True
P_075,Participant_75,participant75@hackathon.com,business,"['Leadership', 'Scikit-learn', 'AgriTech', 'Market Research', 'Deep Learning', 'FinTech']",intermediate,Low,Lead,False,False
P_076,Participant_76,participant76@hackathon.com,business,"['Product Management', 'Machine Learning', 'AgriTech', 'Communication', 'Presentation', 'Market Research', 'TensorFlow', 'Strategy']",beginner,Low,Follow,True,False
P_077,Participant_77,participant77@hackathon.com,cloud_devops,"['AWS', 'Problem Solving', 'iOS Development', 'Flutter', 'Kubernetes', 'Presentation']",intermediate,Medium,Follow,True,True
P_078,Participant_78,participant78@hackathon.com,backend,"['Python', 'SQL', 'Express.js', 'Azure', 'Docker', 'Teamwork']",advanced,High,Lead,True,False
P_079,Participant_79,participant79@hackathon.com,robotics,"['Arduino', 'Sensors', 'SQL', 'Problem Solving', 'IoT', 'Robotics']",intermediate,Medium,Collaborate,True,False
P_080,Participant_80,participant80@hackathon.com,data_science,"['Arduino', 'Machine Learning', 'Teamwork', 'Data Analysis', 'Robotics', 'TensorFlow', 'PyTorch']",beginner,High,Lead,True,False
P_081,Participant_81,participant81@hackathon.com,cloud_devops,"['SQL', 'Express.js', 'Google Cloud', 'Azure', 'Docker', 'Teamwork']",intermediate,High,Follow,True,True
P_082,Participant_82,participant82@hackathon.com,frontend,"['Google Cloud', 'Azure', 'CSS', 'Angular', 'Teamwork', 'React']",advanced,High,Follow,True,False
P_083,Participant_83,participant83@hackathon.com,backend,"['Leadership', 'Python', 'Flask', 'Express.js', 'Node.js', 'Azure', 'Kubernetes', 'Presentation']",beginner,Low,Lead,False,False
P_084,Participant_84,participant84@hackathon.com,frontend,"['Express.js', 'CSS', 'Teamwork', 'JavaScript', 'React']",beginner,Medium,Lead,True,False
P_085,Participant_85,participant85@hackathon.com,robotics,"['AWS', 'Problem Solving', 'Embedded Systems', 'Communication', 'Kubernetes', 'Robotics']",beginner,Medium,Follow,True,True
P_086,Participant_86,participant86@hackathon.com,frontend,"['React', 'Prototyping', 'Communication', 'CSS']",advanced,Low,Collaborate,True,True
P_087,Participant_87,participant87@hackathon.com,mobile,"['Problem Solving', 'iOS Development', 'Flutter', 'Google Cloud', 'React Native', 'Kubernetes', 'Presentation', 'Android Development']",beginner,Low,Collaborate,True,True
P_088,Participant_88,participant88@hackathon.com,business,"['Market Research', 'Data Analysis', 'Communication', 'Strategy']",beginner,Low,Lead,True,True
P_089,Participant_89,participant89@hackathon.com,data_science,"['SQL', 'UI/UX', 'Photoshop', 'Machine Learning', 'Communication', 'Data Analysis', 'TensorFlow']",intermediate,High,Collaborate,True,True
P_090,Participant_90,participant90@hackathon.com,data_science,"['UI/UX', 'Problem Solving', 'Data Analysis', 'PyTorch']",intermediate,Medium,Follow,True,True
P_091,Participant_91,participant91@hackathon.com,mobile,"['Leadership', 'DevOps', 'Flutter', 'React Native', 'Kubernetes', 'Android Development']",advanced,Low,Collaborate,True,False
P_092,Participant_92,participant92@hackathon.com,mobile,"['iOS Development', 'Product Management', 'Communication', 'Android Development', 'Strategy']",advanced,High,Collaborate,True,True
P_093,Participant_93,participant93@hackathon.com,frontend,"['AWS', 'Google Cloud', 'Angular', 'Teamwork', 'HTML']",advanced,Medium,Follow,True,False
P_094,Participant_94,participant94@hackathon.com,frontend,"['Leadership', 'NLP', 'AI/ML', 'Angular', 'Vue.js']",beginner,High,Collaborate,False,False
P_095,Participant_95,participant95@hackathon.com,mobile,"['iOS Development', 'Flutter', 'React Native', 'Communication', 'CSS', 'Teamwork', 'Android Development']",advanced,Medium,Collaborate,True,True
P_096,Participant_96,participant96@hackathon.com,ai_ml,"['Computer Vision', 'Flutter', 'AI/ML', 'Scikit-learn', 'Communication', 'Presentation', 'Android Development']",beginner,High,Collaborate,True,False
P_097,Participant_97,participant97@hackathon.com,design,"['Prototyping', 'Leadership', 'Arduino', 'Photoshop', 'IoT', 'Design Systems']",intermediate,Low,Collaborate,False,True
P_098,Participant_98,participant98@hackathon.com,data_science,"['AWS', 'SQL', 'Problem Solving', 'Data Analysis', 'TensorFlow', 'PyTorch']",beginner,Low,Lead,False,False
P_099,Participant_99,participant99@hackathon.com,mobile,"['Leadership', 'Photoshop', 'React Native', 'Communication', 'Android Development']",intermediate,Low,Follow,True,True
P_100,Participant_100,participant100@hackathon.com,data_science,"['SQL', 'Problem Solving', 'Machine Learning', 'CSS', 'Teamwork', 'JavaScript', 'TensorFlow', 'PyTorch']",advanced,High,Lead,True,False
P_101,Participant_101,participant101@hackathon.com,frontend,"['AgriTech', 'CSS', 'Angular', 'Communication', 'React', 'HTML']",advanced,Low,Collaborate,True,False
P_102,Participant_102,participant102@hackathon.com,business,"['Photoshop', 'Product Management', 'Communication', 'Market Research', 'Design Systems']",beginner,Medium,Collaborate,True,True
P_103,Participant_103,participant103@hackathon.com,backend,"['Java', 'Teamwork', 'SQL', 'PyTorch']",beginner,High,Collaborate,False,False
P_104,Participant_104,participant104@hackathon.com,ai_ml,"['Computer Vision', 'Express.js', 'Django', 'NLP', 'AI/ML', 'Communication', 'Presentation', 'Deep Learning']",beginner,Medium,Collaborate,False,False
P_105,Participant_105,participant105@hackathon.com,data_science,"['SQL', 'Problem Solving', 'Node.js', 'Communication', 'Data Analysis', 'TensorFlow', 'PyTorch']",advanced,Medium,Lead,True,False
P_106,Participant_106,participant106@hackathon.com,data_science,"['TensorFlow', 'Teamwork', 'SQL', 'Express.js']",intermediate,High,Follow,True,True
P_107,Participant_107,participant107@hackathon.com,mobile,"['iOS Development', 'Flutter', 'React Native', 'Communication', 'Teamwork', 'TensorFlow', 'Android Development']",intermediate,Low,Lead,False,False
P_108,Participant_108,participant108@hackathon.com,design,"['UI/UX', 'Photoshop', 'Teamwork', 'JavaScript', 'Design Systems']",intermediate,Medium,Follow,True,False
P_109,Participant_109,participant109@hackathon.com,backend,"['Leadership', 'Python', 'SQL', 'NLP', 'Presentation', 'Deep Learning', 'Java']",intermediate,High,Follow,True,False
P_110,Participant_110,participant110@hackathon.com,backend,"['Flask', 'Python', 'Django', 'Photoshop', 'Teamwork', 'Java', 'Design Systems']",beginner,High,Follow,False,False
P_111,Participant_111,participant111@hackathon.com,robotics,"['AWS', 'IoT', 'Azure', 'Embedded Systems', 'Teamwork']",advanced,High,Collaborate,True,True
P_112,Participant_112,participant112@hackathon.com,mobile,"['iOS Development', 'Flutter', 'React Native', 'Presentation', 'Android Development', 'PyTorch']",beginner,Medium,Collaborate,True,False
P_113,Participant_113,participant113@hackathon.com,business,"['Leadership', 'Sensors', 'Problem Solving', 'Embedded Systems', 'Market Research', 'FinTech']",advanced,Medium,Collaborate,True,True
P_114,Participant_114,participant114@hackathon.com,data_science,"['Machine Learning', 'Embedded Systems', 'Communication', 'Data Analysis', 'Robotics', 'TensorFlow', 'PyTorch']",advanced,High,Collaborate,False,False
P_115,Participant_115,participant115@hackathon.com,mobile,"['iOS Development', 'Flutter', 'React Native', 'Teamwork', 'TensorFlow', 'Android Development']",advanced,High,Lead,True,False
P_116,Participant_116,participant116@hackathon.com,business,"['Leadership', 'UI/UX', 'Problem Solving', 'Photoshop', 'Market Research', 'FinTech']",beginner,High,Lead,False,False
P_117,Participant_117,participant117@hackathon.com,design,"['Teamwork', 'Photoshop', 'Flask', 'Design Systems']",intermediate,Low,Follow,False,False
P_118,Participant_118,participant118@hackathon.com,data_science,"['TensorFlow', 'Machine Learning', 'Design Systems', 'Communication']",intermediate,High,Lead,True,True
P_119,Participant_119,participant119@hackathon.com,business,"['Problem Solving', 'Communication', 'AgriTech', 'HTML', 'FinTech']",advanced,Medium,Follow,True,True
P_120,Participant_120,participant120@hackathon.com,cloud_devops,"['AWS', 'DevOps', 'Problem Solving', 'Figma', 'Docker', 'Presentation', 'Design Systems']",beginner,High,Follow,True,False
P_121,Participant_121,participant121@hackathon.com,frontend,"['AWS', 'Leadership', 'Docker', 'CSS', 'Presentation', 'React']",intermediate,High,Lead,True,False
P_122,Participant_122,participant122@hackathon.com,robotics,"['IoT', 'Embedded Systems', 'Presentation', 'Teamwork', 'Robotics', 'Deep Learning']",intermediate,High,Collaborate,True,False
P_123,Participant_123,participant123@hackathon.com,frontend,"['Leadership', 'iOS Development', 'Angular', 'Teamwork', 'React', 'Android Development', 'HTML']",intermediate,High,Follow,True,True
P_124,Participant_124,participant124@hackathon.com,design,"['SQL', 'UI/UX', 'Photoshop', 'Figma', 'Presentation', 'Teamwork', 'Data Analysis']",beginner,High,Follow,True,True
P_125,Participant_125,participant125@hackathon.com,cloud_devops,"['DevOps', 'Azure', 'Docker', 'Communication', 'Kubernetes', 'Teamwork', 'PyTorch']",beginner,High,Lead,True,False
P_126,Participant_126,participant126@hackathon.com,mobile,"['Problem Solving', 'iOS Development', 'Azure', 'React Native', 'Communication', 'Kubernetes', 'Android Development']",intermediate,Low,Follow,True,True
P_127,Participant_127,participant127@hackathon.com,ai_ml,"['Computer Vision', 'Sensors', 'AI/ML', 'Scikit-learn', 'Presentation', 'Teamwork', 'Deep Learning']",beginner,Medium,Collaborate,False,False
P_128,Participant_128,participant128@hackathon.com,frontend,"['DevOps', 'Problem Solving', 'HTML', 'Communication', 'CSS', 'Angular', 'Kubernetes', 'Vue.js']",advanced,Medium,Collaborate,True,False
P_129,Participant_129,participant129@hackathon.com,ai_ml,"['AI/ML', 'NLP', 'React Native', 'Scikit-learn', 'Communication', 'Deep Learning', 'Android Development']",intermediate,Low,Lead,True,False
P_130,Participant_130,participant130@hackathon.com,design,"['UI/UX', 'Figma', 'Presentation', 'Design Systems', 'FinTech']",advanced,High,Collaborate,True,False
P_131,Participant_131,participant131@hackathon.com,mobile,"['iOS Development', 'IoT', 'React Native', 'Presentation', 'Android Development']",intermediate,Medium,Lead,False,True
P_132,Participant_132,participant132@hackathon.com,mobile,"['Arduino', 'iOS Development', 'Flutter', 'IoT', 'React Native', 'Communication', 'Presentation', 'Android Development']",intermediate,Medium,Follow,True,True
P_133,Participant_133,participant133@hackathon.com,robotics,"['Sensors', 'Arduino', 'AgriTech', 'Embedded Systems', 'Communication', 'Presentation', 'Robotics', 'Strategy']",advanced,Medium,Collaborate,True,True
P_134,Participant_134,participant134@hackathon.com,cloud_devops,"['DevOps', 'Kubernetes', 'Teamwork', 'JavaScript', 'React']",advanced,High,Lead,False,True
P_135,Participant_135,participant135@hackathon.com,mobile,"['iOS Development', 'Flutter', 'React Native', 'Teamwork', 'React', 'Android Development']",beginner,Medium,Follow,True,False
P_136,Participant_136,participant136@hackathon.com,design,"['Sensors', 'UI/UX', 'Photoshop', 'Presentation', 'Design Systems']",advanced,Medium,Follow,False,False
P_137,Participant_137,participant137@hackathon.com,data_science,"['SQL', 'Machine Learning', 'React Native', 'Presentation', 'TensorFlow', 'PyTorch']",intermediate,High,Lead,True,True
P_138,Participant_138,participant138@hackathon.com,frontend,"['Communication', 'Angular', 'Teamwork', 'React', 'Strategy']",beginner,Medium,Collaborate,True,True
P_139,Participant_139,participant139@hackathon.com,robotics,"['Leadership', 'Arduino', 'Sensors', 'SQL', 'Django', 'IoT', 'Teamwork', 'Robotics']",intermediate,Medium,Follow,True,True
P_140,Participant_140,participant140@hackathon.com,robotics,"['Leadership', 'Arduino', 'iOS Development', 'IoT', 'React Native', 'Embedded Systems', 'Communication', 'Robotics']",beginner,Medium,Follow,True,True
P_141,Participant_141,participant141@hackathon.com,business,"['Leadership', 'Problem Solving', 'Product Management', 'AgriTech', 'Angular', 'FinTech']",beginner,High,Follow,True,False
P_142,Participant_142,participant142@hackathon.com,robotics,"['Sensors', 'Problem Solving', 'IoT', 'Embedded Systems', 'Presentation', 'Robotics', 'FinTech']",beginner,Medium,Collaborate,True,False
P_143,Participant_143,participant143@hackathon.com,backend,"['Prototyping', 'Flask', 'SQL', 'Figma', 'Teamwork']",beginner,High,Lead,True,True
P_144,Participant_144,participant144@hackathon.com,data_science,"['Machine Learning', 'Presentation', 'Data Analysis', 'TensorFlow', 'Android Development', 'PyTorch']",beginner,Medium,Lead,True,False
P_145,Participant_145,participant145@hackathon.com,mobile,"['Prototyping', 'iOS Development', 'Flutter', 'React Native', 'Figma', 'Communication', 'Android Development']",advanced,High,Collaborate,True,False
P_146,Participant_146,participant146@hackathon.com,design,"['AWS', 'Prototyping', 'Leadership', 'UI/UX', 'Docker', 'Design Systems']",beginner,High,Collaborate,True,False
P_147,Participant_147,participant147@hackathon.com,robotics,"['Sensors', 'IoT', 'Presentation', 'Data Analysis', 'Robotics']",beginner,Low,Follow,False,True
P_148,Participant_148,participant148@hackathon.com,design,"['Prototyping', 'UI/UX', 'Photoshop', 'AgriTech', 'Communication', 'Presentation', 'Strategy']",intermediate,High,Follow,True,True
P_149,Participant_149,participant149@hackathon.com,backend,"['Leadership', 'SQL', 'Problem Solving', 'Django', 'Scikit-learn']",beginner,Low,Follow,True,False
P_150,Participant_150,participant150@hackathon.com,data_science,"['Problem Solving', 'Photoshop', 'Machine Learning', 'Communication', 'Data Analysis', 'TensorFlow']",intermediate,Medium,Lead,True,True
P_151,Participant_151,participant151@hackathon.com,cloud_devops,"['AWS', 'Problem Solving', 'Flutter', 'Azure', 'Docker', 'Communication', 'Kubernetes']",beginner,Medium,Lead,True,True
P_152,Participant_152,participant152@hackathon.com,business,"['Presentation', 'SQL', 'Market Research', 'FinTech']",advanced,Medium,Collaborate,True,False
P_153,Participant_153,participant153@hackathon.com,cloud_devops,"['AWS', 'Problem Solving', 'Docker', 'Teamwork', 'TensorFlow']",intermediate,Medium,Follow,True,True
P_154,Participant_154,participant154@hackathon.com,backend,"['Java', 'Leadership', 'Node.js', 'Robotics']",beginner,Low,Collaborate,True,True
P_155,Participant_155,participant155@hackathon.com,backend,"['Flask', 'Python', 'Problem Solving', 'Django', 'Presentation', 'Java', 'Strategy']",intermediate,High,Follow,True,False
P_156,Participant_156,participant156@hackathon.com,ai_ml,"['Leadership', 'Computer Vision', 'Scikit-learn', 'Deep Learning', 'Android Development']",intermediate,Low,Lead,False,True
P_157,Participant_157,participant157@hackathon.com,backend,"['Python', 'SQL', 'Machine Learning', 'Communication', 'Presentation', 'Java']",advanced,Medium,Follow,False,True
P_158,Participant_158,participant158@hackathon.com,backend,"['Leadership', 'Python', 'Node.js', 'Django', 'Angular', 'Teamwork', 'Java', 'HTML']",beginner,High,Follow,True,True
P_159,Participant_159,participant159@hackathon.com,data_science,"['SQL', 'Problem Solving', 'Machine Learning', 'Communication', 'Robotics', 'TensorFlow', 'PyTorch']",beginner,Low,Collaborate,True,True
P_160,Participant_160,participant160@hackathon.com,mobile,"['iOS Development', 'Flutter', 'React Native', 'Communication', 'Presentation', 'Android Development', 'PyTorch']",intermediate,Low,Collaborate,True,False
P_161,Participant_161,participant161@hackathon.com,ai_ml,"['Problem Solving', 'Node.js', 'AI/ML', 'NLP', 'Scikit-learn', 'Presentation', 'Deep Learning']",advanced,Medium,Follow,True,True
P_162,Participant_162,participant162@hackathon.com,frontend,"['Leadership', 'Sensors', 'Problem Solving', 'JavaScript', 'Vue.js']",intermediate,Medium,Follow,True,True
P_163,Participant_163,participant163@hackathon.com,business,"['Arduino', 'Product Management', 'Presentation', 'Teamwork', 'Market Research', 'Robotics', 'Strategy']",beginner,Low,Collaborate,True,False
P_164,Participant_164,participant164@hackathon.com,cloud_devops,"['AWS', 'DevOps', 'Azure', 'CSS', 'Teamwork', 'HTML']",beginner,Medium,Lead,False,True
P_165,Participant_165,participant165@hackathon.com,ai_ml,"['Leadership', 'NLP', 'React Native', 'Communication', 'Deep Learning']",advanced,High,Follow,True,True
P_166,Participant_166,participant166@hackathon.com,business,"['Problem Solving', 'Product Management', 'React Native', 'AgriTech', 'Teamwork', 'Market Research']",beginner,Low,Collaborate,False,True
P_167,Participant_167,participant167@hackathon.com,cloud_devops,"['AWS', 'iOS Development', 'React Native', 'Azure', 'Docker', 'Communication', 'Kubernetes']",beginner,High,Collaborate,False,False
P_168,Participant_168,participant168@hackathon.com,mobile,"['iOS Development', 'Flutter', 'Teamwork', 'TensorFlow', 'PyTorch']",advanced,Low,Collaborate,True,True
P_169,Participant_169,participant169@hackathon.com,data_science,"['Machine Learning', 'Scikit-learn', 'Teamwork', 'Data Analysis', 'Deep Learning', 'PyTorch']",beginner,Medium,Collaborate,True,False
P_170,Participant_170,participant170@hackathon.com,cloud_devops,"['Leadership', 'DevOps', 'Google Cloud', 'Machine Learning', 'Communication']",beginner,High,Lead,True,False
P_171,Participant_171,participant171@hackathon.com,data_science,"['Leadership', 'Computer Vision', 'Machine Learning', 'Data Analysis', 'Deep Learning', 'TensorFlow', 'PyTorch']",advanced,High,Collaborate,True,True
P_172,Participant_172,participant172@hackathon.com,design,"['Photoshop', 'Design Systems', 'Problem Solving', 'CSS']",advanced,Low,Collaborate,True,True
P_173,Participant_173,participant173@hackathon.com,mobile,"['Sensors', 'Problem Solving', 'Flutter', 'React Native', 'Presentation']",intermediate,Low,Follow,False,False
P_174,Participant_174,participant174@hackathon.com,data_science,"['SQL', 'Problem Solving', 'Machine Learning', 'JavaScript', 'Data Analysis', 'React', 'PyTorch']",beginner,Low,Collaborate,True,True
P_175,Participant_175,participant175@hackathon.com,business,"['SQL', 'AgriTech', 'Presentation', 'FinTech', 'PyTorch', 'Strategy']",advanced,Low,Collaborate,True,False
P_176,Participant_176,participant176@hackathon.com,frontend,"['Flutter', 'HTML', 'React Native', 'Communication', 'Angular', 'JavaScript', 'Vue.js']",beginner,Low,Follow,True,False
P_177,Participant_177,participant177@hackathon.com,mobile,"['Leadership', 'Problem Solving', 'Express.js', 'iOS Development', 'Flutter', 'Android Development']",beginner,Medium,Collaborate,True,False
P_178,Participant_178,participant178@hackathon.com,data_science,"['Leadership', 'SQL', 'NLP', 'Machine Learning', 'Teamwork', 'Data Analysis', 'TensorFlow']",advanced,High,Follow,True,True
P_179,Participant_179,participant179@hackathon.com,robotics,"['Leadership', 'Arduino', 'Embedded Systems', 'CSS', 'Teamwork', 'React']",intermediate,Medium,Lead,True,True
P_180,Participant_180,participant180@hackathon.com,mobile,"['iOS Development', 'Flutter', 'NLP', 'Teamwork', 'Android Development']",beginner,High,Collaborate,True,True
P_181,Participant_181,participant181@hackathon.com,robotics,"['Sensors', 'Problem Solving', 'IoT', 'Product Management', 'Embedded Systems', 'Presentation', 'Robotics', 'Strategy']",beginner,Low,Follow,True,True
P_182,Participant_182,participant182@hackathon.com,mobile,"['Problem Solving', 'iOS Development', 'React Native', 'Market Research', 'Strategy']",advanced,High,Follow,False,False
P_183,Participant_183,participant183@hackathon.com,mobile,"['Flutter', 'Communication', 'Android Development', 'AgriTech']",intermediate,High,Collaborate,True,False
P_184,Participant_184,participant184@hackathon.com,ai_ml,"['Leadership', 'NLP', 'AI/ML', 'Figma', 'Scikit-learn', 'Communication']",intermediate,Low,Lead,True,False
P_185,Participant_185,participant185@hackathon.com,data_science,"['Leadership', 'SQL', 'AI/ML', 'Teamwork', 'Data Analysis', 'PyTorch']",beginner,Medium,Collaborate,False,False
P_186,Participant_186,participant186@hackathon.com,mobile,"['Prototyping', 'Problem Solving', 'iOS Development', 'Figma', 'Communication', 'Android Development']",intermediate,High,Follow,True,False
P_187,Participant_187,participant187@hackathon.com,ai_ml,"['Computer Vision', 'NLP', 'Presentation', 'Teamwork', 'HTML']",intermediate,Medium,Collaborate,True,True
P_188,Participant_188,participant188@hackathon.com,data_science,"['SQL', 'Arduino', 'Problem Solving', 'Machine Learning', 'Teamwork', 'Data Analysis', 'TensorFlow']",intermediate,Medium,Lead,True,False
P_189,Participant_189,participant189@hackathon.com,cloud_devops,"['Python', 'Problem Solving', 'Django', 'Google Cloud', 'Docker', 'Kubernetes']",intermediate,High,Lead,True,False
P_190,Participant_190,participant190@hackathon.com,frontend,"['Problem Solving', 'Flutter', 'HTML', 'Angular', 'Presentation', 'React', 'Vue.js']",intermediate,Medium,Collaborate,False,True
P_191,Participant_191,participant191@hackathon.com,ai_ml,"['Computer Vision', 'AI/ML', 'Communication', 'Scikit-learn', 'Vue.js']",advanced,Medium,Lead,True,False
P_192,Participant_192,participant192@hackathon.com,robotics,"['AWS', 'Sensors', 'Arduino', 'Google Cloud', 'Communication', 'Presentation']",intermediate,Low,Collaborate,True,False
P_193,Participant_193,participant193@hackathon.com,cloud_devops,"['Node.js', 'Google Cloud', 'Azure', 'Teamwork', 'Java']",beginner,Medium,Collaborate,True,False
P_194,Participant_194,participant194@hackathon.com,ai_ml,"['NLP', 'IoT', 'AI/ML', 'Presentation', 'Deep Learning']",beginner,High,Lead,True,False
P_195,Participant_195,participant195@hackathon.com,frontend,"['Prototyping', 'Figma', 'Communication', 'CSS', 'Angular', 'Vue.js']",intermediate,Low,Follow,True,True
P_196,Participant_196,participant196@hackathon.com,data_science,"['Leadership', 'SQL', 'Node.js', 'Data Analysis', 'PyTorch']",beginner,Low,Collaborate,True,True
P_197,Participant_197,participant197@hackathon.com,design,"['UI/UX', 'Figma', 'Communication', 'Data Analysis', 'PyTorch']",intermediate,Medium,Collaborate,True,False
P_198,Participant_198,participant198@hackathon.com,cloud_devops,"['AWS', 'Leadership', 'UI/UX', 'Google Cloud', 'Photoshop', 'Azure']",beginner,High,Collaborate,True,False
P_199,Participant_199,participant199@hackathon.com,ai_ml,"['Problem Solving', 'Django', 'NLP', 'AI/ML', 'Teamwork']",advanced,High,Lead,False,True
P_200,Participant_200,participant200@hackathon.com,mobile,"['iOS Development', 'Flutter', 'React Native', 'AgriTech', 'Communication', 'Teamwork', 'Android Development', 'FinTech']",intermediate,Low,Collaborate,True,False
P_201,Participant_201,participant201@hackathon.com,cloud_devops,"['Leadership', 'DevOps', 'Azure', 'React Native', 'Kubernetes', 'Teamwork']",beginner,Medium,Lead,False,True
P_202,Participant_202,participant202@hackathon.com,cloud_devops,"['AWS', 'Photoshop', 'DevOps', 'Communication']",intermediate,Low,Follow,True,False
P_203,Participant_203,participant203@hackathon.com,data_science,"['Leadership', 'Flask', 'Express.js', 'Machine Learning', 'Teamwork', 'TensorFlow', 'PyTorch']",advanced,Low,Lead,True,False
P_204,Participant_204,participant204@hackathon.com,frontend,"['iOS Development', 'React Native', 'Communication', 'JavaScript', 'Vue.js']",intermediate,Low,Lead,False,True
P_205,Participant_205,participant205@hackathon.com,frontend,"['React Native', 'CSS', 'Angular', 'Teamwork', 'React', 'Android Development', 'Vue.js']",advanced,Medium,Lead,False,True
P_206,Participant_206,participant206@hackathon.com,data_science,"['AWS', 'Leadership', 'Teamwork', 'TensorFlow', 'PyTorch']",beginner,Low,Collaborate,True,True
P_207,Participant_207,participant207@hackathon.com,robotics,"['Arduino', 'iOS Development', 'Presentation', 'Teamwork', 'Robotics', 'Android Development']",intermediate,Low,Lead,True,True
P_208,Participant_208,participant208@hackathon.com,business,"['Product Management', 'AgriTech', 'Communication', 'Market Research', 'Robotics', 'FinTech']",beginner,High,Lead,True,False
P_209,Participant_209,participant209@hackathon.com,data_science,"['Leadership', 'SQL', 'Communication', 'Kubernetes', 'TensorFlow', 'PyTorch']",beginner,High,Follow,True,False
P_210,Participant_210,participant210@hackathon.com,ai_ml,"['Computer Vision', 'Problem Solving', 'Scikit-learn', 'Teamwork', 'Vue.js']",advanced,Medium,Lead,True,False
P_211,Participant_211,participant211@hackathon.com,backend,"['Problem Solving', 'Node.js', 'Express.js', 'Django', 'Docker', 'Java']",beginner,Low,Follow,True,False
P_212,Participant_212,participant212@hackathon.com,frontend,"['Photoshop', 'Communication', 'CSS', 'JavaScript', 'Design Systems']",beginner,High,Collaborate,False,False
P_213,Participant_213,participant213@hackathon.com,robotics,"['Leadership', 'Flask', 'Arduino', 'Presentation', 'Robotics']",beginner,High,Lead,True,True
P_214,Participant_214,participant214@hackathon.com,ai_ml,"['Computer Vision', 'NLP', 'AI/ML', 'React Native', 'Communication', 'Presentation']",intermediate,High,Collaborate,True,True
P_215,Participant_215,participant215@hackathon.com,data_science,"['Leadership', 'SQL', 'Product Management', 'Teamwork', 'Data Analysis', 'TensorFlow', 'Strategy']",beginner,Low,Lead,False,True
P_216,Participant_216,participant216@hackathon.com,robotics,"['Arduino', 'Sensors', 'SQL', 'Node.js', 'IoT', 'Communication', 'Robotics']",intermediate,Low,Collaborate,True,True
P_217,Participant_217,participant217@hackathon.com,business,"['Arduino', 'Problem Solving', 'Embedded Systems', 'Market Research', 'FinTech']",advanced,Medium,Lead,True,False
P_218,Participant_218,participant218@hackathon.com,frontend,"['Problem Solving', 'Azure', 'Angular', 'Presentation', 'React', 'Vue.js']",beginner,Low,Lead,False,True
P_219,Participant_219,participant219@hackathon.com,frontend,"['Problem Solving', 'Vue.js', 'CSS', 'Presentation', 'React', 'TensorFlow', 'HTML']",advanced,Medium,Collaborate,True,False
P_220,Participant_220,participant220@hackathon.com,design,"['Prototyping', 'Problem Solving', 'Figma', 'Presentation', 'Data Analysis']",intermediate,Medium,Collaborate,True,True
P_221,Participant_221,participant221@hackathon.com,robotics,"['Leadership', 'Arduino', 'IoT', 'AI/ML', 'Scikit-learn', 'Embedded Systems', 'Communication']",beginner,Medium,Lead,False,True
P_222,Participant_222,participant222@hackathon.com,ai_ml,"['AI/ML', 'Communication', 'Scikit-learn', 'Presentation', 'Design Systems']",beginner,Low,Collaborate,True,False
P_223,Participant_223,participant223@hackathon.com,robotics,"['Sensors', 'Arduino', 'IoT', 'Docker', 'Embedded Systems', 'Communication', 'Presentation']",beginner,Low,Follow,True,False
P_224,Participant_224,participant224@hackathon.com,mobile,"['Leadership', 'iOS Development', 'Communication', 'Android Development', 'PyTorch']",beginner,Low,Follow,False,True
P_225,Participant_225,participant225@hackathon.com,cloud_devops,"['AWS', 'Google Cloud', 'Docker', 'Kubernetes', 'Presentation', 'Teamwork', 'Data Analysis', 'TensorFlow']",advanced,Medium,Collaborate,True,True
P_226,Participant_226,participant226@hackathon.com,backend,"['Presentation', 'Flask', 'React Native', 'Express.js']",intermediate,High,Lead,True,False
P_227,Participant_227,participant227@hackathon.com,design,"['Prototyping', 'UI/UX', 'Problem Solving', 'Flutter', 'Photoshop', 'Presentation', 'Design Systems']",advanced,Medium,Collaborate,True,True
P_228,Participant_228,participant228@hackathon.com,cloud_devops,"['Sensors', 'IoT', 'Azure', 'Docker', 'Kubernetes', 'Presentation']",beginner,High,Collaborate,True,False
P_229,Participant_229,participant229@hackathon.com,business,"['Product Management', 'AgriTech', 'Communication', 'FinTech', 'React', 'HTML', 'Strategy']",intermediate,Medium,Collaborate,False,False
P_230,Participant_230,participant230@hackathon.com,design,"['Prototyping', 'Leadership', 'Computer Vision', 'Photoshop', 'Scikit-learn', 'Design Systems']",intermediate,High,Lead,True,False
P_231,Participant_231,participant231@hackathon.com,backend,"['Python', 'SQL', 'Problem Solving', 'Node.js', 'React', 'Java', 'Vue.js']",advanced,High,Collaborate,True,True
P_232,Participant_232,participant232@hackathon.com,backend,"['Leadership', 'Python', 'Express.js', 'Django', 'iOS Development', 'Java', 'Android Development']",advanced,Medium,Follow,True,False
P_233,Participant_233,participant233@hackathon.com,data_science,"['SQL', 'Problem Solving', 'PyTorch', 'Machine Learning', 'Communication', 'Data Analysis', 'Vue.js']",advanced,Medium,Collaborate,True,False
P_234,Participant_234,participant234@hackathon.com,ai_ml,"['Computer Vision', 'Flask', 'Django', 'NLP', 'AI/ML', 'Communication', 'Teamwork', 'Deep Learning']",intermediate,Low,Follow,True,True
P_235,Participant_235,participant235@hackathon.com,design,"['UI/UX', 'Problem Solving', 'Machine Learning', 'Figma', 'Design Systems']",advanced,Medium,Collaborate,True,True
P_236,Participant_236,participant236@hackathon.com,backend,"['Leadership', 'Flask', 'Sensors', 'Node.js', 'Django', 'Teamwork', 'Java']",intermediate,High,Lead,False,True
P_237,Participant_237,participant237@hackathon.com,mobile,"['Prototyping', 'Leadership', 'iOS Development', 'Flutter', 'React Native', 'Android Development']",beginner,Medium,Collaborate,False,False
P_238,Participant_238,participant238@hackathon.com,mobile,"['Leadership', 'Express.js', 'iOS Development', 'Presentation', 'Android Development']",beginner,Low,Collaborate,True,False
P_239,Participant_239,participant239@hackathon.com,mobile,"['Flutter', 'Android Development', 'Problem Solving', 'Product Management']",advanced,Low,Lead,False,False
P_240,Participant_240,participant240@hackathon.com,robotics,"['Arduino', 'UI/UX', 'IoT', 'Figma', 'Embedded Systems', 'Teamwork']",advanced,High,Follow,True,False
P_241,Participant_241,participant241@hackathon.com,data_science,"['AI/ML', 'Machine Learning', 'NLP', 'Teamwork', 'Data Analysis', 'TensorFlow']",intermediate,High,Collaborate,True,True
P_242,Participant_242,participant242@hackathon.com,frontend,"['Leadership', 'NLP', 'Communication', 'CSS', 'Angular', 'JavaScript', 'HTML']",beginner,Medium,Follow,False,False
P_243,Participant_243,participant243@hackathon.com,cloud_devops,"['AWS', 'Leadership', 'iOS Development', 'Google Cloud', 'Azure', 'Docker', 'Presentation']",advanced,Low,Lead,False,True
P_244,Participant_244,participant244@hackathon.com,frontend,"['Docker', 'CSS', 'Angular', 'Kubernetes', 'Teamwork', 'JavaScript', 'HTML']",intermediate,High,Follow,False,False
P_245,Participant_245,participant245@hackathon.com,ai_ml,"['Leadership', 'Computer Vision', 'NLP', 'AI/ML', 'Scikit-learn', 'React', 'Vue.js']",intermediate,High,Follow,True,False
P_246,Participant_246,participant246@hackathon.com,backend,"['Leadership', 'Flask', 'Arduino', 'Problem Solving', 'Django', 'IoT', 'Java']",advanced,Low,Collaborate,True,False
P_247,Participant_247,participant247@hackathon.com,cloud_devops,"['AWS', 'Computer Vision', 'DevOps', 'Google Cloud', 'AI/ML', 'Docker', 'Presentation']",intermediate,Low,Follow,True,False
P_248,Participant_248,participant248@hackathon.com,backend,"['Flask', 'Problem Solving', 'Express.js', 'Node.js', 'Django', 'Angular', 'JavaScript']",advanced,Medium,Lead,True,False
P_249,Participant_249,participant249@hackathon.com,cloud_devops,"['AWS', 'Google Cloud', 'IoT', 'Kubernetes', 'Presentation', 'Teamwork', 'Robotics']",advanced,High,Collaborate,True,False
P_250,Participant_250,participant250@hackathon.com,mobile,"['Flutter', 'Azure', 'React Native', 'Presentation', 'Android Development']",beginner,Medium,Lead,False,False
P_251,Participant_251,participant251@hackathon.com,design,"['Leadership', 'UI/UX', 'Photoshop', 'Angular', 'Teamwork']",beginner,High,Lead,True,True
P_252,Participant_252,participant252@hackathon.com,robotics,"['Arduino', 'Sensors', 'Problem Solving', 'Docker', 'Embedded Systems', 'Robotics']",intermediate,Medium,Follow,True,False
P_253,Participant_253,participant253@hackathon.com,ai_ml,"['Leadership', 'Computer Vision', 'Django', 'AI/ML', 'Deep Learning']",advanced,Low,Follow,True,True
P_254,Participant_254,participant254@hackathon.com,frontend,"['Leadership', 'Node.js', 'Express.js', 'Angular', 'React', 'Vue.js']",beginner,Medium,Lead,True,True
P_255,Participant_255,participant255@hackathon.com,mobile,"['Leadership', 'UI/UX', 'iOS Development', 'Flutter', 'Android Development']",beginner,High,Follow,True,False
P_256,Participant_256,participant256@hackathon.com,cloud_devops,"['Leadership', 'DevOps', 'Django', 'Docker', 'Kubernetes', 'Java']",advanced,High,Collaborate,False,True
P_257,Participant_257,participant257@hackathon.com,cloud_devops,"['Flask', 'Django', 'Google Cloud', 'Docker', 'Kubernetes', 'Presentation']",advanced,Low,Lead,True,True
P_258,Participant_258,participant258@hackathon.com,frontend,"['React Native', 'CSS', 'Angular', 'Presentation', 'Teamwork', 'JavaScript', 'HTML']",beginner,Low,Lead,True,True
P_259,Participant_259,participant259@hackathon.com,cloud_devops,"['Arduino', 'Azure', 'Embedded Systems', 'Kubernetes', 'Presentation']",beginner,Medium,Collaborate,True,False
P_260,Participant_260,participant260@hackathon.com,data_science,"['Computer Vision', 'SQL', 'NLP', 'Machine Learning', 'Presentation', 'Data Analysis', 'TensorFlow']",advanced,Low,Collaborate,True,False
P_261,Participant_261,participant261@hackathon.com,frontend,"['Leadership', 'HTML', 'Embedded Systems', 'JavaScript', 'React', 'Vue.js']",beginner,High,Collaborate,True,True
P_262,Participant_262,participant262@hackathon.com,robotics,"['Photoshop', 'IoT', 'Embedded Systems', 'Communication', 'Teamwork', 'Robotics']",intermediate,High,Lead,True,False
P_263,Participant_263,participant263@hackathon.com,mobile,"['Problem Solving', 'iOS Development', 'Flutter', 'Photoshop', 'React Native', 'Communication', 'Android Development']",beginner,Low,Follow,True,True
P_264,Participant_264,participant264@hackathon.com,frontend,"['Leadership', 'Problem Solving', 'Figma', 'React', 'HTML']",intermediate,High,Follow,False,True
P_265,Participant_265,participant265@hackathon.com,data_science,"['Leadership', 'IoT', 'Machine Learning', 'Embedded Systems', 'Communication', 'Data Analysis', 'TensorFlow', 'PyTorch']",intermediate,Medium,Collaborate,False,False
P_266,Participant_266,participant266@hackathon.com,cloud_devops,"['DevOps', 'Google Cloud', 'Docker', 'Communication', 'Embedded Systems']",intermediate,Medium,Lead,True,True
P_267,Participant_267,participant267@hackathon.com,robotics,"['Leadership', 'Sensors', 'Arduino', 'IoT', 'Angular', 'Robotics', 'React']",advanced,Medium,Lead,False,False
P_268,Participant_268,participant268@hackathon.com,cloud_devops,"['Leadership', 'Docker', 'AgriTech', 'Kubernetes', 'Presentation']",advanced,Low,Lead,True,False
P_269,Participant_269,participant269@hackathon.com,ai_ml,"['Leadership', 'Computer Vision', 'NLP', 'Machine Learning', 'AI/ML', 'Deep Learning']",advanced,Medium,Collaborate,False,True
P_270,Participant_270,participant270@hackathon.com,business,"['Azure', 'Communication', 'AgriTech', 'Kubernetes', 'Teamwork', 'Market Research']",beginner,Medium,Lead,True,False
P_271,Participant_271,participant271@hackathon.com,design,"['Prototyping', 'Leadership', 'Photoshop', 'Figma', 'Angular', 'JavaScript', 'Design Systems']",beginner,Low,Lead,True,False
P_272,Participant_272,participant272@hackathon.com,business,"['Problem Solving', 'Product Management', 'Scikit-learn', 'Teamwork', 'Market Research', 'FinTech']",intermediate,High,Follow,True,True
P_273,Participant_273,participant273@hackathon.com,data_science,"['Prototyping', 'SQL', 'Problem Solving', 'Machine Learning', 'TensorFlow', 'PyTorch']",beginner,Low,Collaborate,True,True
P_274,Participant_274,participant274@hackathon.com,backend,"['SQL', 'Express.js', 'Node.js', 'Django', 'Flutter', 'Presentation']",beginner,High,Lead,True,True
P_275,Participant_275,participant275@hackathon.com,robotics,"['Leadership', 'IoT', 'Embedded Systems', 'Communication', 'Angular', 'Robotics']",intermediate,Medium,Lead,True,False
P_276,Participant_276,participant276@hackathon.com,frontend,"['Leadership', 'SQL', 'Angular', 'JavaScript', 'HTML']",advanced,Medium,Follow,True,False
P_277,Participant_277,participant277@hackathon.com,design,"['AWS', 'Prototyping', 'Problem Solving', 'UI/UX', 'Teamwork', 'Design Systems']",intermediate,High,Follow,True,True
P_278,Participant_278,participant278@hackathon.com,frontend,"['Leadership', 'Problem Solving', 'NLP', 'Vue.js', 'AI/ML', 'CSS', 'React', 'HTML']",intermediate,High,Lead,True,True
P_279,Participant_279,participant279@hackathon.com,cloud_devops,"['AWS', 'Leadership', 'DevOps', 'iOS Development', 'Flutter', 'Azure', 'Presentation']",beginner,Low,Lead,True,True
P_280,Participant_280,participant280@hackathon.com,business,"['Presentation', 'Product Management', 'AgriTech', 'Machine Learning']",advanced,Medium,Follow,True,False
P_281,Participant_281,participant281@hackathon.com,mobile,"['Leadership', 'DevOps', 'iOS Development', 'Flutter', 'Presentation', 'Android Development']",intermediate,Low,Follow,True,True
P_282,Participant_282,participant282@hackathon.com,robotics,"['IoT', 'Embedded Systems', 'AgriTech', 'Presentation', 'Robotics', 'Strategy']",advanced,Medium,Lead,True,True
P_283,Participant_283,participant283@hackathon.com,ai_ml,"['Computer Vision', 'Scikit-learn', 'Angular', 'Teamwork', 'Deep Learning']",advanced,Medium,Follow,True,True
P_284,Participant_284,participant284@hackathon.com,mobile,"['iOS Development', 'Flutter', 'React Native', 'Scikit-learn', 'Communication', 'Presentation', 'Android Development']",intermediate,Medium,Lead,True,True
P_285,Participant_285,participant285@hackathon.com,design,"['UI/UX', 'Problem Solving', 'Photoshop', 'AI/ML', 'Figma', 'Deep Learning', 'Design Systems']",advanced,High,Lead,True,False
P_286,Participant_286,participant286@hackathon.com,data_science,"['TensorFlow', 'Teamwork', 'SQL', 'AWS']",intermediate,High,Lead,True,False
P_287,Participant_287,participant287@hackathon.com,cloud_devops,"['AWS', 'Computer Vision', 'Google Cloud', 'Teamwork', 'Deep Learning']",intermediate,Low,Lead,True,False
P_288,Participant_288,participant288@hackathon.com,business,"['Problem Solving', 'Product Management', 'Azure', 'AgriTech', 'Presentation', 'Market Research', 'Strategy']",intermediate,High,Collaborate,True,True
P_289,Participant_289,participant289@hackathon.com,data_science,"['SQL', 'Machine Learning', 'Product Management', 'Presentation', 'TensorFlow']",intermediate,Low,Follow,True,True
P_290,Participant_290,participant290@hackathon.com,design,"['Prototyping', 'Teamwork', 'Market Research', 'Figma']",advanced,Medium,Follow,True,False
P_291,Participant_291,participant291@hackathon.com,cloud_devops,"['AWS', 'Leadership', 'DevOps', 'Google Cloud', 'CSS']",intermediate,High,Follow,False,False
P_292,Participant_292,participant292@hackathon.com,frontend,"['Arduino', 'Communication', 'Embedded Systems', 'CSS', 'Vue.js']",beginner,Medium,Lead,True,True
P_293,Participant_293,participant293@hackathon.com,robotics,"['Leadership', 'Arduino', 'IoT', 'Figma', 'Presentation', 'Design Systems']",intermediate,Medium,Collaborate,True,True
P_294,Participant_294,participant294@hackathon.com,data_science,"['Python', 'SQL', 'Problem Solving', 'Data Analysis', 'TensorFlow', 'PyTorch']",intermediate,Medium,Follow,True,False
P_295,Participant_295,participant295@hackathon.com,backend,"['Prototyping', 'Leadership', 'Python', 'UI/UX', 'Django', 'Presentation']",intermediate,Medium,Collaborate,True,True
P_296,Participant_296,participant296@hackathon.com,robotics,"['Arduino', 'Sensors', 'iOS Development', 'IoT', 'Embedded Systems', 'Presentation', 'Teamwork']",intermediate,Low,Lead,True,True
P_297,Participant_297,participant297@hackathon.com,business,"['Strategy', 'AgriTech', 'Communication', 'Presentation', 'Market Research', 'Deep Learning', 'FinTech']",beginner,Low,Follow,True,False
P_298,Participant_298,participant298@hackathon.com,robotics,"['Leadership', 'Arduino', 'Sensors', 'UI/UX', 'Problem Solving', 'IoT', 'Robotics', 'Design Systems']",beginner,Medium,Lead,True,True
P_299,Participant_299,participant299@hackathon.com,business,"['Product Management', 'Machine Learning', 'AgriTech', 'Presentation', 'Teamwork', 'Market Research', 'PyTorch', 'Strategy']",intermediate,High,Collaborate,True,True
P_300,Participant_300,participant300@hackathon.com,robotics,"['Prototyping', 'Leadership', 'Arduino', 'Figma', 'Communication', 'Robotics']",intermediate,Low,Collaborate,False,False
